{
  "interactive-discover-1": {
    "v0": {
      "n_results": 6,
      "n_http_requests": 127,
      "execution_time": {
        "average": 5852.921457639996,
        "min": 5308.696457999991,
        "max": 6481.210819,
        "std": 321.61589625821597
      }
    },
    "v1": {
      "n_results": 4,
      "n_http_requests": 19,
      "execution_time": {
        "average": 993.6512412399996,
        "min": 929.0432469999942,
        "max": 1082.3467410000012,
        "std": 49.853305335205874
      }
    },
    "v2": {
      "n_results": 1,
      "n_http_requests": 16,
      "execution_time": {
        "average": 786.0296622799995,
        "min": 729.3192920000001,
        "max": 888.1713329999911,
        "std": 40.62708792745743
      }
    },
    "v3": {
      "n_results": 14,
      "n_http_requests": 223,
      "execution_time": {
        "average": 4919.290846520001,
        "min": 4154.787872000001,
        "max": 6301.981182000003,
        "std": 581.746430847689
      }
    },
    "v4": {
      "n_results": 8,
      "n_http_requests": 122,
      "execution_time": {
        "average": 5626.86402472,
        "min": 5175.162309000007,
        "max": 6579.095780999996,
        "std": 337.88840105358827
      }
    }
  },
  "interactive-discover-2": {
    "v0": {
      "n_results": 66,
      "n_http_requests": 127,
      "execution_time": {
        "average": 6394.285195540001,
        "min": 5807.476368000003,
        "max": 7383.988031999994,
        "std": 411.2435312685925
      }
    },
    "v1": {
      "n_results": 46,
      "n_http_requests": 19,
      "execution_time": {
        "average": 1172.1471295599986,
        "min": 1065.5140110000066,
        "max": 1280.6829759999964,
        "std": 56.546371471284644
      }
    },
    "v2": {
      "n_results": 32,
      "n_http_requests": 16,
      "execution_time": {
        "average": 897.1762257799995,
        "min": 833.1171319999994,
        "max": 1009.7451799999981,
        "std": 48.908112774156116
      }
    },
    "v3": {
      "n_results": 198,
      "n_http_requests": 223,
      "execution_time": {
        "average": 5184.878908000001,
        "min": 4638.473118000009,
        "max": 6568.4642789999925,
        "std": 394.5276290131565
      }
    },
    "v4": {
      "n_results": 98,
      "n_http_requests": 122,
      "execution_time": {
        "average": 6151.691575980002,
        "min": 5689.489727000007,
        "max": 6870.940760999991,
        "std": 332.34787692410504
      }
    }
  },
  "interactive-discover-3": {
    "v0": {
      "n_results": 71,
      "n_http_requests": 253,
      "execution_time": {
        "average": 4801.221258120001,
        "min": 4216.632717,
        "max": 5711.996419999996,
        "std": 266.96872419429906
      }
    },
    "v1": {
      "n_results": 67,
      "n_http_requests": 147,
      "execution_time": {
        "average": 2464.0345222399997,
        "min": 1709.8441179999936,
        "max": 3056.189777000007,
        "std": 383.0437998140131
      }
    },
    "v2": {
      "n_results": 55,
      "n_http_requests": 100,
      "execution_time": {
        "average": 1565.0642498799998,
        "min": 1322.2309629999945,
        "max": 1810.466207999998,
        "std": 149.6576310437648
      }
    },
    "v3": {
      "n_results": 203,
      "n_http_requests": 429,
      "execution_time": {
        "average": 5769.932220040001,
        "min": 4778.64862800001,
        "max": 7128.691353999995,
        "std": 477.0302348772782
      }
    },
    "v4": {
      "n_results": 142,
      "n_http_requests": 273,
      "execution_time": {
        "average": 4499.661574459998,
        "min": 4000.161055999997,
        "max": 5638.739545999997,
        "std": 419.0181145152463
      }
    }
  },
  "interactive-discover-4": {
    "v0": {
      "n_results": 5,
      "n_http_requests": 143,
      "execution_time": {
        "average": 5072.808299,
        "min": 4582.442353000006,
        "max": 5504.022677999994,
        "std": 266.34171314170896
      }
    },
    "v1": {
      "n_results": 3,
      "n_http_requests": 23,
      "execution_time": {
        "average": 945.1200075800012,
        "min": 874.4280940000026,
        "max": 1041.145227000001,
        "std": 45.1302805987112
      }
    },
    "v2": {
      "n_results": 3,
      "n_http_requests": 20,
      "execution_time": {
        "average": 768.5608716200004,
        "min": 705.1949930000119,
        "max": 853.8326379999926,
        "std": 43.53813591972721
      }
    },
    "v3": {
      "n_results": 3,
      "n_http_requests": 228,
      "execution_time": {
        "average": 4077.4189826799998,
        "min": 3608.5603730000003,
        "max": 5183.642013999997,
        "std": 457.960720900854
      }
    },
    "v4": {
      "n_results": 7,
      "n_http_requests": 142,
      "execution_time": {
        "average": 4987.089479579999,
        "min": 4611.540546999997,
        "max": 5577.784998000003,
        "std": 290.3955983909219
      }
    }
  },
  "interactive-discover-5": {
    "v0": {
      "n_results": 15,
      "n_http_requests": 127,
      "execution_time": {
        "average": 3348.8139008999988,
        "min": 2525.334415999998,
        "max": 4049.1572069999966,
        "std": 417.2851800145282
      }
    },
    "v1": {
      "n_results": 3,
      "n_http_requests": 19,
      "execution_time": {
        "average": 476.0243204000004,
        "min": 437.69469299999764,
        "max": 575.3699639999977,
        "std": 27.439423609815258
      }
    },
    "v2": {
      "n_results": 3,
      "n_http_requests": 16,
      "execution_time": {
        "average": 382.99020035999797,
        "min": 356.9415880000015,
        "max": 421.12504299999273,
        "std": 14.064025503420948
      }
    },
    "v3": {
      "n_results": 4,
      "n_http_requests": 223,
      "execution_time": {
        "average": 2797.079918359999,
        "min": 2569.2616800000105,
        "max": 3360.691611000002,
        "std": 150.37959597114653
      }
    },
    "v4": {
      "n_results": 20,
      "n_http_requests": 122,
      "execution_time": {
        "average": 2992.675544100001,
        "min": 2372.5656230000022,
        "max": 3974.139888999998,
        "std": 465.8417793298186
      }
    }
  },
  "interactive-discover-6": {
    "v0": {
      "timeout": 120000
    },
    "v1": {
      "n_results": 1,
      "n_http_requests": 19,
      "execution_time": {
        "average": 872.2745897599999,
        "min": 822.6103750000038,
        "max": 965.6209579999995,
        "std": 37.71107419961301
      }
    },
    "v2": {
      "n_results": 1,
      "n_http_requests": 16,
      "execution_time": {
        "average": 648.0343878200018,
        "min": 607.0299210000085,
        "max": 762.176615000004,
        "std": 34.86421681860274
      }
    },
    "v3": {
      "timeout": 120000
    },
    "v4": {
      "n_results": 27,
      "n_http_requests": 122,
      "execution_time": {
        "average": 6273.791808560001,
        "min": 5972.147408000004,
        "max": 7086.009726999997,
        "std": 207.1956555096805
      }
    }
  },
  "interactive-discover-7": {
    "v0": {
      "timeout": 120000
    },
    "v1": {
      "n_results": 1,
      "n_http_requests": 19,
      "execution_time": {
        "average": 898.0563122399998,
        "min": 839.2648409999965,
        "max": 989.9721980000031,
        "std": 45.41158265365209
      }
    },
    "v2": {
      "n_results": 1,
      "n_http_requests": 16,
      "execution_time": {
        "average": 674.5903706999993,
        "min": 632.0369980000105,
        "max": 729.3604939999932,
        "std": 29.46758589196757
      }
    },
    "v3": {
      "timeout": 120000
    },
    "v4": {
      "n_results": 1,
      "n_http_requests": 122,
      "execution_time": {
        "average": 6086.85700052,
        "min": 5657.185333000001,
        "max": 6592.867213999998,
        "std": 285.2493645244819
      }
    }
  },